"PK","SK","adr_city","adr_prefecture","birth_date","certs","email","first_name","last_name","phone_no"
"job#求人テスト001","application#大和46@gmail.com","港 美咲区","沖縄県","1995-07-30","[{""S"":""理学療法士""},{""S"":""初任者研修""},{""S"":""正看護師""},{""S"":""言語聴覚士""},{""S"":""准看護師""},{""S"":""保育士""},{""S"":""幼稚園教諭""},{""S"":""無資格""}]","大和46@gmail.com","颯太","斎藤","047-749-7614"
"job#求人テスト001","application#大和_田中54@hotmail.com","港 莉子村","埼玉県","1981-07-04","[{""S"":""介護福祉士""},{""S"":""ケアマネージャー""},{""S"":""無資格""},{""S"":""理学療法士""},{""S"":""言語聴覚士""},{""S"":""保育士""},{""S"":""正看護師""},{""S"":""准看護師""},{""S"":""実務者研修""},{""S"":""作業療法士""}]","大和_田中54@hotmail.com","海翔","鈴木","098-277-9757"
"job#求人テスト001","application#大翔.鈴木94@yahoo.com","Pittsburg","富山県","1982-03-30","[{""S"":""初任者研修""},{""S"":""無資格""},{""S"":""作業療法士""},{""S"":""その他""},{""S"":""介護福祉士""},{""S"":""正看護師""},{""S"":""ケアマネージャー""},{""S"":""幼稚園教諭""},{""S"":""実務者研修""},{""S"":""保育士""},{""S"":""理学療法士""}]","大翔.鈴木94@yahoo.com","莉子","林","03452-6-3445"
"job#求人テスト001","application#太一33@yahoo.com","大翔市","愛知県","1996-12-25","[{""S"":""介護福祉士""},{""S"":""言語聴覚士""},{""S"":""幼稚園教諭""},{""S"":""ケアマネージャー""},{""S"":""初任者研修""},{""S"":""その他""},{""S"":""実務者研修""},{""S"":""理学療法士""},{""S"":""無資格""}]","太一33@yahoo.com","愛菜","木村","04383-4-2157"
"job#求人テスト001","application#太一_加藤@gmail.com","東 陽翔","岩手県","1992-03-14","[{""S"":""無資格""},{""S"":""実務者研修""},{""S"":""介護福祉士""},{""S"":""准看護師""},{""S"":""ケアマネージャー""},{""S"":""その他""}]","太一_加藤@gmail.com","大和","井上","005-405-5559"
"job#求人テスト001","application#心愛.山田52@gmail.com","斎藤区","埼玉県","1953-03-01","[{""S"":""初任者研修""},{""S"":""理学療法士""},{""S"":""准看護師""},{""S"":""その他""},{""S"":""正看護師""},{""S"":""作業療法士""},{""S"":""実務者研修""},{""S"":""ケアマネージャー""}]","心愛.山田52@gmail.com","陸斗","伊藤","04-1804-6763"
"job#求人テスト001","application#心愛43@hotmail.com","蓮町","兵庫県","1954-10-11","[{""S"":""無資格""},{""S"":""正看護師""},{""S"":""その他""},{""S"":""幼稚園教諭""},{""S"":""実務者研修""},{""S"":""作業療法士""},{""S"":""保育士""}]","心愛43@hotmail.com","蒼空","渡辺","0455-41-3114"
"job#求人テスト001","application#心愛63@hotmail.com","南 陽菜","大分県","1990-05-28","[{""S"":""無資格""},{""S"":""正看護師""},{""S"":""その他""},{""S"":""言語聴覚士""},{""S"":""実務者研修""},{""S"":""ケアマネージャー""},{""S"":""作業療法士""},{""S"":""幼稚園教諭""},{""S"":""保育士""}]","心愛63@hotmail.com","大翔","吉田","08126-3-8206"
"job#求人テスト001","application#心愛_吉田43@yahoo.com","東 美咲村","山梨県","1987-12-17","[{""S"":""実務者研修""},{""S"":""ケアマネージャー""},{""S"":""保育士""},{""S"":""理学療法士""},{""S"":""介護福祉士""},{""S"":""作業療法士""},{""S"":""准看護師""},{""S"":""言語聴覚士""}]","心愛_吉田43@yahoo.com","心愛","山口","047-660-3006"
"job#求人テスト001","application#愛菜.木村@yahoo.com","北 愛菜区","千葉県","1989-04-26","[{""S"":""理学療法士""},{""S"":""保育士""},{""S"":""その他""},{""S"":""言語聴覚士""},{""S"":""准看護師""},{""S"":""介護福祉士""},{""S"":""ケアマネージャー""},{""S"":""作業療法士""},{""S"":""初任者研修""},{""S"":""幼稚園教諭""}]","愛菜.木村@yahoo.com","結愛","吉田","0081-45-6668"
"job#求人テスト001","application#杏.渡辺@yahoo.com","陽翔区","愛媛県","1955-04-04","[{""S"":""ケアマネージャー""},{""S"":""初任者研修""},{""S"":""実務者研修""},{""S"":""言語聴覚士""},{""S"":""作業療法士""},{""S"":""無資格""},{""S"":""正看護師""},{""S"":""理学療法士""}]","杏.渡辺@yahoo.com","海翔","吉田","04-7466-0323"
"job#求人テスト001","application#杏89@hotmail.com","莉子区","埼玉県","1988-07-29","[{""S"":""言語聴覚士""},{""S"":""作業療法士""},{""S"":""保育士""},{""S"":""正看護師""},{""S"":""幼稚園教諭""},{""S"":""無資格""},{""S"":""理学療法士""}]","杏89@hotmail.com","陽翔","佐々木","09-4193-7602"
"job#求人テスト001","application#海翔_木村68@yahoo.com","新 美羽市","群馬県","1995-01-20","[{""S"":""幼稚園教諭""},{""S"":""ケアマネージャー""},{""S"":""介護福祉士""},{""S"":""その他""},{""S"":""作業療法士""},{""S"":""保育士""},{""S"":""正看護師""},{""S"":""准看護師""}]","海翔_木村68@yahoo.com","陽菜","鈴木","095-424-9634"
"job#求人テスト001","application#海翔_田中@gmail.com","南 愛菜区","徳島県","1999-07-02","[{""S"":""理学療法士""},{""S"":""保育士""},{""S"":""無資格""},{""S"":""初任者研修""},{""S"":""言語聴覚士""},{""S"":""ケアマネージャー""},{""S"":""准看護師""},{""S"":""作業療法士""}]","海翔_田中@gmail.com","美羽","林","010-525-0536"
"job#求人テスト001","application#結愛.佐藤@gmail.com","美羽区","徳島県","1996-02-10","[{""S"":""理学療法士""},{""S"":""作業療法士""},{""S"":""無資格""},{""S"":""初任者研修""},{""S"":""保育士""},{""S"":""幼稚園教諭""},{""S"":""正看護師""},{""S"":""その他""}]","結愛.佐藤@gmail.com","翼","山田","04971-8-9803"
"job#求人テスト001","application#結愛82@gmail.com","新 莉子村","神奈川県","1954-03-27","[{""S"":""その他""},{""S"":""幼稚園教諭""},{""S"":""作業療法士""},{""S"":""正看護師""},{""S"":""保育士""},{""S"":""介護福祉士""},{""S"":""言語聴覚士""},{""S"":""理学療法士""},{""S"":""実務者研修""}]","結愛82@gmail.com","陽菜","佐々木","096-927-8902"
"job#求人テスト001","application#結愛_清水@gmail.com","北 結菜","富山県","1972-04-01","[{""S"":""初任者研修""},{""S"":""実務者研修""},{""S"":""准看護師""},{""S"":""言語聴覚士""},{""S"":""ケアマネージャー""},{""S"":""正看護師""},{""S"":""幼稚園教諭""},{""S"":""無資格""},{""S"":""保育士""}]","結愛_清水@gmail.com","大翔","佐々木","0179-28-7576"
"job#求人テスト001","application#結菜84@hotmail.com","新 莉子","広島県","1976-01-19","[{""S"":""正看護師""},{""S"":""言語聴覚士""},{""S"":""作業療法士""},{""S"":""保育士""},{""S"":""介護福祉士""},{""S"":""その他""},{""S"":""初任者研修""},{""S"":""准看護師""},{""S"":""幼稚園教諭""},{""S"":""実務者研修""}]","結菜84@hotmail.com","心愛","林","058-496-3829"
"job#求人テスト001","application#結菜_井上@gmail.com","高橋村","京都府","1984-09-19","[{""S"":""准看護師""},{""S"":""介護福祉士""},{""S"":""保育士""},{""S"":""正看護師""},{""S"":""言語聴覚士""},{""S"":""幼稚園教諭""},{""S"":""作業療法士""},{""S"":""その他""},{""S"":""初任者研修""}]","結菜_井上@gmail.com","杏","佐々木","02731-6-0853"
"job#求人テスト001","application#結衣.佐木@hotmail.com","鈴木市","岐阜県","1973-04-12","[{""S"":""正看護師""},{""S"":""理学療法士""},{""S"":""言語聴覚士""},{""S"":""ケアマネージャー""},{""S"":""初任者研修""},{""S"":""介護福祉士""},{""S"":""無資格""},{""S"":""実務者研修""},{""S"":""准看護師""},{""S"":""作業療法士""}]","結衣.佐木@hotmail.com","結菜","清水","0987-25-6672"
"job#求人テスト001","application#結衣51@gmail.com","東 陸斗","宮崎県","1953-04-23","[{""S"":""実務者研修""},{""S"":""保育士""},{""S"":""幼稚園教諭""},{""S"":""ケアマネージャー""},{""S"":""その他""},{""S"":""作業療法士""},{""S"":""理学療法士""}]","結衣51@gmail.com","蓮","渡辺","060-157-8633"
"job#求人テスト001","application#結衣65@gmail.com","新 大翔","奈良県","1988-11-12","[{""S"":""正看護師""},{""S"":""准看護師""},{""S"":""保育士""},{""S"":""初任者研修""},{""S"":""理学療法士""},{""S"":""幼稚園教諭""},{""S"":""その他""},{""S"":""無資格""}]","結衣65@gmail.com","颯太","伊藤","003-099-4874"
"job#求人テスト001","application#結衣96@yahoo.com","山本町","青森県","1991-09-19","[{""S"":""幼稚園教諭""},{""S"":""言語聴覚士""},{""S"":""ケアマネージャー""},{""S"":""准看護師""},{""S"":""無資格""},{""S"":""その他""}]","結衣96@yahoo.com","美羽","佐々木","08-6983-3428"
"job#求人テスト001","application#結衣_中村@gmail.com","海翔市","新潟県","1970-09-14","[{""S"":""無資格""},{""S"":""幼稚園教諭""},{""S"":""初任者研修""},{""S"":""理学療法士""},{""S"":""正看護師""},{""S"":""その他""},{""S"":""ケアマネージャー""},{""S"":""准看護師""},{""S"":""言語聴覚士""},{""S"":""介護福祉士""}]","結衣_中村@gmail.com","樹","山口","03-5783-2670"
"job#求人テスト001","application#美咲.伊藤@hotmail.com","結菜村","栃木県","1991-01-23","[{""S"":""初任者研修""},{""S"":""准看護師""},{""S"":""幼稚園教諭""},{""S"":""実務者研修""},{""S"":""介護福祉士""},{""S"":""保育士""},{""S"":""ケアマネージャー""},{""S"":""正看護師""},{""S"":""無資格""},{""S"":""その他""}]","美咲.伊藤@hotmail.com","莉子","中村","06980-9-8260"
"job#求人テスト001","application#美咲.山田@hotmail.com","湖 大和","徳島県","2001-05-21","[{""S"":""作業療法士""},{""S"":""実務者研修""},{""S"":""介護福祉士""},{""S"":""正看護師""},{""S"":""初任者研修""},{""S"":""准看護師""},{""S"":""その他""},{""S"":""言語聴覚士""},{""S"":""保育士""},{""S"":""幼稚園教諭""}]","美咲.山田@hotmail.com","海翔","山田","0031-63-0266"
"job#求人テスト001","application#美咲24@gmail.com","小林区","和歌山県","1956-01-06","[{""S"":""ケアマネージャー""},{""S"":""介護福祉士""},{""S"":""幼稚園教諭""},{""S"":""実務者研修""},{""S"":""准看護師""},{""S"":""無資格""},{""S"":""その他""},{""S"":""作業療法士""},{""S"":""初任者研修""}]","美咲24@gmail.com","結衣","佐藤","0403-26-4958"
"job#求人テスト001","application#美咲2@hotmail.com","Vallejo","茨城県","1995-09-22","[{""S"":""作業療法士""},{""S"":""介護福祉士""},{""S"":""幼稚園教諭""},{""S"":""その他""},{""S"":""保育士""},{""S"":""ケアマネージャー""},{""S"":""無資格""},{""S"":""初任者研修""}]","美咲2@hotmail.com","颯太","木村","070-503-5028"
"job#求人テスト001","application#美咲_佐藤19@hotmail.com","Atascocita","群馬県","1955-11-19","[{""S"":""保育士""},{""S"":""実務者研修""},{""S"":""正看護師""},{""S"":""その他""},{""S"":""准看護師""},{""S"":""初任者研修""}]","美咲_佐藤19@hotmail.com","陸斗","松本","010-728-0270"
"job#求人テスト001","application#美羽.清水11@hotmail.com","南 大和村","岐阜県","1983-09-02","[{""S"":""実務者研修""},{""S"":""准看護師""},{""S"":""介護福祉士""},{""S"":""保育士""},{""S"":""正看護師""},{""S"":""ケアマネージャー""},{""S"":""幼稚園教諭""},{""S"":""初任者研修""},{""S"":""言語聴覚士""}]","美羽.清水11@hotmail.com","美咲","山本","03198-8-4442"
"job#求人テスト001","application#美羽69@hotmail.com","南 美羽","青森県","1963-10-27","[{""S"":""実務者研修""},{""S"":""理学療法士""},{""S"":""初任者研修""},{""S"":""言語聴覚士""},{""S"":""保育士""},{""S"":""幼稚園教諭""},{""S"":""准看護師""}]","美羽69@hotmail.com","太一","山口","02-7397-5531"
"job#求人テスト001","application#美羽_林@yahoo.com","伊藤市","高知県","1964-01-11","[{""S"":""准看護師""},{""S"":""介護福祉士""},{""S"":""保育士""},{""S"":""正看護師""},{""S"":""実務者研修""},{""S"":""理学療法士""},{""S"":""ケアマネージャー""},{""S"":""初任者研修""},{""S"":""幼稚園教諭""}]","美羽_林@yahoo.com","太一","渡辺","028-850-0738"
"job#求人テスト001","application#翼_吉田@hotmail.com","美咲区","山口県","1992-06-07","[{""S"":""理学療法士""},{""S"":""初任者研修""},{""S"":""言語聴覚士""},{""S"":""その他""},{""S"":""保育士""},{""S"":""ケアマネージャー""},{""S"":""作業療法士""},{""S"":""無資格""}]","翼_吉田@hotmail.com","心愛","山本","0464-26-1258"
"job#求人テスト001","application#翼_渡辺@hotmail.com","St. Clair Shores","奈良県","1984-09-24","[{""S"":""言語聴覚士""},{""S"":""正看護師""},{""S"":""幼稚園教諭""},{""S"":""ケアマネージャー""},{""S"":""作業療法士""},{""S"":""理学療法士""},{""S"":""介護福祉士""},{""S"":""その他""},{""S"":""初任者研修""}]","翼_渡辺@hotmail.com","結菜","中村","0066-75-3571"
"job#求人テスト001","application#莉子.吉田30@hotmail.com","山本町","福島県","1957-12-10","[{""S"":""言語聴覚士""},{""S"":""ケアマネージャー""},{""S"":""初任者研修""},{""S"":""無資格""},{""S"":""実務者研修""},{""S"":""その他""},{""S"":""理学療法士""},{""S"":""作業療法士""},{""S"":""准看護師""}]","莉子.吉田30@hotmail.com","杏","松本","04512-7-5838"
"job#求人テスト001","application#莉子2@gmail.com","港 大翔","青森県","1995-09-30","[{""S"":""その他""},{""S"":""初任者研修""},{""S"":""保育士""},{""S"":""幼稚園教諭""},{""S"":""言語聴覚士""},{""S"":""ケアマネージャー""},{""S"":""介護福祉士""}]","莉子2@gmail.com","愛菜","清水","07007-2-4360"
"job#求人テスト001","application#莉子_田中38@hotmail.com","田中村","山梨県","1983-10-15","[{""S"":""ケアマネージャー""},{""S"":""その他""},{""S"":""無資格""},{""S"":""初任者研修""},{""S"":""作業療法士""},{""S"":""介護福祉士""},{""S"":""実務者研修""},{""S"":""言語聴覚士""}]","莉子_田中38@hotmail.com","海翔","小林","03-5459-2899"
"job#求人テスト001","application#蒼空.山田70@hotmail.com","New Bedford","長野県","1980-06-23","[{""S"":""その他""},{""S"":""ケアマネージャー""},{""S"":""介護福祉士""},{""S"":""保育士""},{""S"":""無資格""},{""S"":""幼稚園教諭""},{""S"":""言語聴覚士""},{""S"":""准看護師""},{""S"":""理学療法士""}]","蒼空.山田70@hotmail.com","愛菜","斎藤","04-0515-8734"
"job#求人テスト001","application#蒼空22@gmail.com","Brockton","沖縄県","1981-11-15","[{""S"":""准看護師""},{""S"":""ケアマネージャー""},{""S"":""作業療法士""},{""S"":""その他""},{""S"":""理学療法士""},{""S"":""無資格""},{""S"":""介護福祉士""},{""S"":""幼稚園教諭""},{""S"":""初任者研修""},{""S"":""正看護師""}]","蒼空22@gmail.com","美咲","木村","066-417-0937"
"job#求人テスト001","application#蒼空93@yahoo.com","松本市","熊本県","1999-07-25","[{""S"":""准看護師""},{""S"":""その他""},{""S"":""幼稚園教諭""},{""S"":""正看護師""},{""S"":""実務者研修""},{""S"":""無資格""},{""S"":""ケアマネージャー""},{""S"":""初任者研修""}]","蒼空93@yahoo.com","美羽","山本","0922-08-7982"
"job#求人テスト001","application#蒼空_高橋@gmail.com","港 大和村","福岡県","1955-02-16","[{""S"":""初任者研修""},{""S"":""准看護師""},{""S"":""保育士""},{""S"":""介護福祉士""},{""S"":""実務者研修""},{""S"":""無資格""},{""S"":""その他""},{""S"":""幼稚園教諭""},{""S"":""ケアマネージャー""},{""S"":""言語聴覚士""},{""S"":""正看護師""}]","蒼空_高橋@gmail.com","結衣","佐々木","07-0687-3957"
"job#求人テスト001","application#蓮.鈴木70@yahoo.com","井上町","長野県","1952-03-29","[{""S"":""理学療法士""},{""S"":""保育士""},{""S"":""実務者研修""},{""S"":""無資格""},{""S"":""准看護師""},{""S"":""作業療法士""},{""S"":""その他""},{""S"":""ケアマネージャー""}]","蓮.鈴木70@yahoo.com","美咲","斎藤","00176-4-6384"
"job#求人テスト001","application#蓮_木村@yahoo.com","莉子市","山梨県","1997-04-06","[{""S"":""保育士""},{""S"":""初任者研修""},{""S"":""幼稚園教諭""},{""S"":""言語聴覚士""},{""S"":""准看護師""},{""S"":""作業療法士""},{""S"":""ケアマネージャー""},{""S"":""理学療法士""},{""S"":""その他""}]","蓮_木村@yahoo.com","樹","加藤","0744-87-7954"
"job#求人テスト001","application#陸斗.木村@gmail.com","山口市","大阪府","1965-02-27","[{""S"":""作業療法士""},{""S"":""その他""},{""S"":""准看護師""},{""S"":""言語聴覚士""},{""S"":""理学療法士""},{""S"":""保育士""},{""S"":""介護福祉士""},{""S"":""無資格""},{""S"":""実務者研修""},{""S"":""ケアマネージャー""}]","陸斗.木村@gmail.com","陽翔","山口","00-5841-5879"
"job#求人テスト001","application#陸斗.高橋74@yahoo.com","林村","長崎県","1998-01-20","[{""S"":""理学療法士""},{""S"":""准看護師""},{""S"":""ケアマネージャー""},{""S"":""作業療法士""},{""S"":""初任者研修""},{""S"":""保育士""},{""S"":""正看護師""},{""S"":""実務者研修""},{""S"":""無資格""}]","陸斗.高橋74@yahoo.com","愛菜","木村","010-086-7509"
"job#求人テスト001","application#陸斗91@gmail.com","北 太一","鹿児島県","1996-06-12","[{""S"":""正看護師""},{""S"":""准看護師""},{""S"":""実務者研修""},{""S"":""言語聴覚士""},{""S"":""作業療法士""},{""S"":""保育士""},{""S"":""理学療法士""},{""S"":""幼稚園教諭""}]","陸斗91@gmail.com","杏","伊藤","00-4510-5961"
"job#求人テスト001","application#陸斗_山田@hotmail.com","木村村","福岡県","1981-12-31","[{""S"":""その他""},{""S"":""無資格""},{""S"":""保育士""},{""S"":""初任者研修""},{""S"":""幼稚園教諭""},{""S"":""ケアマネージャー""},{""S"":""准看護師""},{""S"":""介護福祉士""},{""S"":""実務者研修""},{""S"":""作業療法士""}]","陸斗_山田@hotmail.com","大翔","山本","074-312-6095"
"job#求人テスト001","application#陽翔.小林62@yahoo.com","結菜村","茨城県","1970-06-07","[{""S"":""介護福祉士""},{""S"":""無資格""},{""S"":""言語聴覚士""},{""S"":""理学療法士""},{""S"":""実務者研修""},{""S"":""ケアマネージャー""},{""S"":""准看護師""},{""S"":""その他""}]","陽翔.小林62@yahoo.com","愛菜","鈴木","01-2333-5315"
"job#求人テスト001","application#陽翔88@gmail.com","Bonita Springs","北海道","1976-09-07","[{""S"":""保育士""},{""S"":""介護福祉士""},{""S"":""言語聴覚士""},{""S"":""理学療法士""},{""S"":""正看護師""},{""S"":""無資格""},{""S"":""その他""},{""S"":""ケアマネージャー""},{""S"":""幼稚園教諭""}]","陽翔88@gmail.com","結菜","佐々木","028-016-0734"
"job#求人テスト001","application#陽翔_伊藤@yahoo.com","Maple Grove","大分県","1978-07-10","[{""S"":""作業療法士""},{""S"":""准看護師""},{""S"":""その他""},{""S"":""実務者研修""},{""S"":""保育士""},{""S"":""正看護師""},{""S"":""幼稚園教諭""},{""S"":""ケアマネージャー""}]","陽翔_伊藤@yahoo.com","大翔","田中","092-423-2175"